service_week,total_metric,num_data_points,prev_total_metric,prev_num_data_points,rolling_mean,rolling_std,z_score,is_outlier_z,is_outlier_metric,is_outlier_count,is_outlier
2017-07,2.94,1,2.94,1,2.94,0.0,,,False,False,
2017-42,2.94,1,2.94,1,2.94,0.0,,,False,False,
2017-45,2.94,1,2.94,1,3.4299999999999997,1.2002499739637573,0.4082482904638628,False,False,False,False
2017-47,2.94,1,2.94,1,3.36,1.1112155506471282,0.37796447300922714,False,False,False,False
2017-51,2.94,1,2.94,1,3.43,1.2002499739637573,0.4082482904638632,False,False,False,False
2018-02,5.88,2,2.94,1,3.528,1.3148079707698763,1.7888543819998317,False,False,False,False
2018-52,2.94,1,5.88,2,3.675,1.47,0.49999999999999994,False,False,False,False
