service_week,total_metric,num_data_points,prev_total_metric,prev_num_data_points,rolling_mean,rolling_std,z_score,is_outlier_z,is_outlier_metric,is_outlier_count,is_outlier
2017-02,2.94,1,2.94,1,3.3924999999999996,3.1826129202276543,0.14217877302139278,False,False,False,False
2018-13,7.6899999999999995,2,2.94,1,3.3019999999999996,2.763642523916579,1.5877596187011243,False,False,False,False
2018-14,0.0,4,7.6899999999999995,2,3.2416666666666667,2.476290909135408,1.3090815197470027,False,False,False,False
2018-16,2.94,1,0.0,4,6.4385714285714295,8.755079342057062,0.3996047656319032,False,False,False,False
2018-18,2.94,1,2.94,1,7.021666666666667,9.440640691535014,0.4323505999255441,False,False,False,False
2018-20,2.94,1,2.94,1,6.888000000000001,10.548607491038808,0.3742674095470784,False,False,False,False
2018-50,25.620000000000005,5,2.94,1,8.610000000000001,11.340000000000002,1.5000000000000002,False,False,False,False
