service_week,total_metric,num_data_points,prev_total_metric,prev_num_data_points,rolling_mean,rolling_std,z_score,is_outlier_z,is_outlier_metric,is_outlier_count,is_outlier
2017-41,5.28,1,5.28,1,16.115000000000002,18.517610536999637,0.5851186889556199,False,False,False,False
2017-47,5.28,1,5.28,1,21.616000000000003,20.21092353159548,0.8082757808895839,False,False,False,False
2018-08,10.23,1,5.28,1,20.633333333333336,18.236747151470478,0.5704599206714607,False,False,False,False
2018-34,43.67,3,10.23,1,19.56714285714286,16.885095710207185,1.4274634598776221,False,False,False,False
2018-41,43.62,3,43.67,3,40.15571428571429,50.65547382634407,0.0683891680919202,False,False,False,False
2018-46,15.719999999999999,2,43.62,3,45.968333333333334,52.87121614514523,0.5721134397645364,False,False,False,False
2018-48,13.17,2,15.719999999999999,2,53.116,55.77668267295932,0.7161774075776278,False,False,False,False
2018-52,149.4,7,13.17,2,55.4775,64.11609177889744,1.4648818634156484,False,False,False,False
