service_week,total_metric,num_data_points,prev_total_metric,prev_num_data_points,rolling_mean,rolling_std,z_score,is_outlier_z,is_outlier_metric,is_outlier_count,is_outlier
2017-19,21.97,4,21.97,4,18.029999999999998,4.740189869614929,0.8311903337998713,False,False,False,False
2017-36,21.97,3,21.97,4,18.029999999999998,4.740189869614929,0.8311903337998713,False,False,False,False
2018-04,15.719999999999999,3,21.97,3,18.029999999999998,4.740189869614929,0.4873222515425637,False,False,False,False
2018-06,12.459999999999999,2,15.719999999999999,3,18.029999999999998,4.740189869614929,1.1750584160571778,False,False,False,False
