service_week,total_metric,num_data_points,prev_total_metric,prev_num_data_points,rolling_mean,rolling_std,z_score,is_outlier_z,is_outlier_metric,is_outlier_count,is_outlier
2017-20,13.31,1,13.31,1,10.309999999999999,3.1308252373242853,0.9582138166753468,False,False,False,False
2017-21,5.96,3,13.31,1,8.248,5.348903625977944,0.4277512103392371,False,False,False,False
2017-44,11.52,3,5.96,3,10.681666666666667,7.643625884792287,0.10967744182787334,False,False,False,False
2017-46,10.45,1,11.52,3,10.681666666666667,7.643625884792287,0.030308477960386576,False,False,False,False
2018-16,0.0,1,10.45,1,10.156,8.423706428882717,1.2056450549104722,False,False,False,False
2018-19,22.85,3,0.0,1,11.205,9.342150002363839,1.2465010727780514,False,False,False,False
