service_week,total_metric,num_data_points,prev_total_metric,prev_num_data_points,rolling_mean,rolling_std,z_score,is_outlier_z,is_outlier_metric,is_outlier_count,is_outlier
2017-01,41.01,8,41.01,8,63.66250000000001,23.492175115698988,0.9642572426110577,False,False,False,False
2017-03,96.64,8,41.01,8,64.474,20.425581509469936,1.5747899263032896,False,False,False,False
2017-04,57.58,3,96.64,8,65.23666666666666,18.364462057644563,0.4169284481425597,False,False,False,False
2017-14,59.42,3,57.58,3,56.33714285714286,28.904242315091462,0.10665760095871894,False,False,False,False
2017-19,67.72,2,59.42,3,50.89857142857143,35.17105458971029,0.47827478498042764,False,False,False,False
2017-26,69.05,4,67.72,2,43.275,31.562722157633996,0.816627915401963,False,False,False,False
2018-04,2.94,1,69.05,4,40.414,34.407366653087536,1.0891272319044876,False,False,False,False
2018-24,2.94,1,2.94,1,35.662499999999994,37.78858943737735,0.8659360004486859,False,False,False,False
